month,observed,simulated_raw,synthesised
1,0,0.1631169,13.682880484037309
2,3,0.2136746,17.923857149531887
3,14,0.267118,22.40689756325113
4,56,0.5044253000000001,42.31315757609828
5,59,0.6714448,56.3234033385157
6,44,0.4575598,38.38189701802826
7,4,0.14728733,12.355034537825096
8,0,0.04672971,3.9198699643245
9,0,0.04282184,3.592062617831556
10,1,0.05224548,4.382554221366158
11,3,0.06271298,5.260608864794647
12,2,0.15558270000000002,13.050882462110495
