month,observed,simulated_raw,synthesised
1,138,0.9057828000000001,151.99738736777854
2,107,0.7646816000000001,128.31951033759162
3,110,0.6184827,103.78619966306444
4,103,0.4919603,82.55475847926074
5,96,0.4405699,73.93105030575039
6,55,0.41158340000000004,69.06689052159894
7,31,0.2104702,35.31853388999418
8,35,0.20244369999999998,33.97162486311988
9,58,0.2529719,42.450649181528874
10,59,0.2778212,46.62055467975443
11,50,0.2949123,49.48857397449202
12,85,0.4491683,75.37392859350669
