month,observed,simulated_raw,synthesised
1,183,1.156542,184.42472429775484
2,152,1.21655,193.99373161064074
3,169,1.136126,181.16914415344277
4,148,1.050257,167.47628505215297
5,146,1.014237,161.7324568390789
6,139,1.0024473999999999,159.85246136154257
7,154,0.8734007,139.27439150412704
8,138,0.7401015,118.01820866847447
9,133,0.6579913,104.92473606044682
10,128,0.5633600999999999,89.83463732649189
11,150,0.6664378,106.27163347859592
12,169,0.8627629000000001,137.5780645811665
