month,observed,simulated_raw,synthesised
1,0,5.2086159e-05,0.0028784259974700176
2,0,0.009286504099999999,0.5131980422486502
3,12,0.33325690999999996,18.416703631007344
4,54,1.0076928,55.68790651242599
5,85,1.180607,65.2436260772288
6,62,1.0356722,57.234125966880534
7,18,0.7500522000000001,41.44997046028258
8,11,0.432512,23.901815931901456
9,1,0.16673439,9.214206078207937
10,8,0.017107477,0.945406754756487
11,4,0.00036886377,0.020384437736958128
12,0,9.3092272e-06,0.0005144537839473826
