month,observed,simulated_raw,synthesised
1,0,8.07002264e-12,3.409736747017224e-10
2,0,2.052699663e-07,8.673043166977996e-06
3,0,0.004011242541,0.169482561615793
4,25,0.63204235,26.70498117048804
5,59,1.438035,60.7596905452661
6,45,0.8466732,35.77353932621264
7,12,0.4069178,17.193044401117138
8,3,0.2613723,11.043472561588873
9,4,0.12762772,5.392511845815902
10,7,0.033577533,1.4187140885677056
11,3,0.0009459964899999999,0.03997013562904096
12,0,1.4664604199999998e-06,6.196071814391232e-05
