month,observed,simulated_raw,synthesised
1,153,0.7498337,143.18980594453734
2,129,0.7618749,145.4892185894203
3,157,0.8951813,170.94568653313215
4,140,0.7089057999999999,135.37412887011746
5,138,0.4974595,94.99590278519966
6,132,0.4284046,81.80903517639597
7,121,0.3850343,73.52695230821284
8,52,0.3043066,58.11102248624187
9,46,0.3044349,58.13552292160866
10,53,0.49218,93.98771846315042
11,80,0.6263407,119.60732531515411
12,114,0.5618103999999999,107.28448475124937
