month,observed,simulated_raw,synthesised
1,153,0.8040941,150.4657819156237
2,129,0.8452429,158.1657344048779
3,157,0.8706588,162.92167437084618
4,140,0.6321003000000001,118.28151193821758
5,138,0.48554700000000006,90.85778519178955
6,132,0.4518028,84.54341547048803
7,121,0.4109806,76.90457787359983
8,52,0.3217763,60.212259462438915
9,46,0.3137489,58.7101354974086
10,53,0.48073439999999995,89.9572293712119
11,80,0.6329260000000001,118.43602071539644
12,114,0.6064634,113.48421743699855
