month,observed,simulated_raw,synthesised
1,153,0.7700286000000001,142.94591714758613
2,129,0.8340053,154.8223696034767
3,157,0.8931046,165.79339540859658
4,140,0.8722073,161.9140801280885
5,138,0.7527547,139.7392395277994
6,132,0.5822141000000001,108.08056804741594
7,121,0.412138,76.50812502467032
8,52,0.2827421,52.48743851947124
9,46,0.2372639,44.04499494111408
10,53,0.2897053,53.78006714428085
11,80,0.4052017,75.22049003928042
12,114,0.536007,99.50281354812822
