month,observed,simulated_raw,synthesised
1,153,0.7912176,141.16475070042438
2,129,0.7911914,141.160076238597
3,157,0.8814475999999999,157.26309767311466
4,140,0.9252964,165.08636262641295
5,138,0.8260818999999999,147.3850499175358
6,132,0.6257649,111.64557778489252
7,121,0.42844170000000004,76.4402432025855
8,52,0.304788,54.3786210474602
9,46,0.2932795,52.32533692759756
10,53,0.36984659999999997,65.98602342313868
11,80,0.47362950000000004,84.50240526988613
12,114,0.5449458,97.22627252255678
