month,observed,simulated_raw,synthesised
1,153,0.7206745999999999,162.12522608237703
2,129,0.7559895,170.06977712743475
3,157,0.7532957,169.4637714016596
4,140,0.5375008,120.91787156014452
5,138,0.4164586,93.68783731097257
6,132,0.3916457,88.10584923721582
7,121,0.3739817,84.13210020607318
8,52,0.3112728,70.02490870816668
9,46,0.2462494,55.397040006196555
10,53,0.28298860000000003,63.662006061730736
11,80,0.374709,84.29571590299065
12,114,0.5078405,114.24539712692442
