month,observed,simulated_raw,synthesised
1,74,0.6126255,58.45636556758361
2,78,0.6289104,60.01026116551667
3,83,0.7695097,73.42616383255609
4,74,0.6291108000000001,60.029383215871654
5,49,0.4468015,42.63353683472971
6,29,0.3175392,30.299404052293035
7,18,0.2796532,26.684344173307462
8,27,0.3552012,33.89308998277802
9,28,0.44819440000000005,42.76644653502637
10,29,0.5581386,53.257257556173094
11,37,0.643025,61.35706801152653
12,58,0.58506,55.82608173993813
