month,observed,simulated_raw,synthesised
1,74,0.6627927,69.53840139713473
2,78,0.7351421,77.12910301174495
3,83,0.829709,87.05080409729206
4,74,0.6390397999999999,67.04631194813204
5,49,0.43106710000000004,45.22638379828085
6,29,0.3162452,33.17958338635467
7,18,0.2467155,25.884717001099734
8,27,0.26298889999999997,27.592077720818178
9,28,0.3258401,34.18625411094981
10,29,0.3693548,38.75169768821899
11,37,0.3899035,40.90761121712373
12,58,0.4656827,48.85815808819481
