month,observed,simulated_raw,synthesised
1,74,0.745074,64.33775898824352
2,78,0.8940759,77.20419686017351
3,83,0.97691,84.3569902227228
4,74,0.8834318,76.28506998090143
5,49,0.6229499,53.79224147930326
6,29,0.3483644,30.081555398905426
7,18,0.1896503,16.3764609870269
8,27,0.1803496,15.573337813997163
9,28,0.2701111,23.324317922581304
10,29,0.40473099999999995,34.94885814438671
11,37,0.5277461,45.57131424366635
12,58,0.6333659,54.69167173404514
