month,observed,simulated_raw,synthesised
1,74,0.5824397,65.1125981035052
2,78,0.5591131,62.50485084499721
3,83,0.6523905,72.93259788617571
4,74,0.5126858000000001,57.31461033438149
5,49,0.36683520000000003,41.00955506264246
6,29,0.2609567,29.17309505089879
7,18,0.1930652,21.583310298684744
8,27,0.2507941,28.036988962171186
9,28,0.3681612,41.15779239104787
10,29,0.49966980000000005,55.859514507439705
11,37,0.5613400000000001,62.753802358289825
12,58,0.4851603,54.23745604854205
