month,observed,simulated_raw,synthesised
1,74,0.6308088,59.494487163419286
2,78,0.5820562,54.89640461466075
3,83,0.7493256,70.67235316061137
4,74,0.6724978,63.42636901946789
5,49,0.4772011,45.00703655104299
6,29,0.35641690000000004,33.61532160279898
7,18,0.2843043,26.81404971974853
8,27,0.3255295,30.702188458791795
9,28,0.433124,40.84992197028453
10,29,0.5658114000000001,53.36428260705352
11,37,0.6628814000000001,62.51940198546598
12,58,0.6013487,56.71596926499579
