month,observed,simulated_raw,synthesised
1,74,0.694384,77.65418634273233
2,78,0.6196627,69.2979716920906
3,83,0.7358863,82.29546168584504
4,74,0.6176448999999999,69.07231756238373
5,49,0.4537433,50.74291281188261
6,29,0.3902615,43.64363125215188
7,18,0.2405847,26.905010952168187
8,27,0.1983105,22.17741267183636
9,28,0.2696537,30.155848446691223
10,29,0.3222753,36.04061470290208
11,37,0.34308649999999996,38.367967871776756
12,58,0.4210652,47.088463304511414
