month,observed,simulated_raw,synthesised
1,135,0.9977765999999999,122.76365855980833
2,101,1.034013,127.2220844609937
3,109,0.9202362000000001,113.22330334383018
4,98,0.7969524,98.05480738075016
5,115,0.736998,90.6781847071395
6,99,0.6483496,79.77113205680341
7,78,0.5817607,71.57821895032926
8,79,0.6414037,78.91652783378338
9,87,0.7455474000000001,91.73007911164972
10,98,0.8618513,106.0397875862462
11,99,0.9275512000000001,114.12332060457273
12,121,0.9010267000000001,110.85981987558225
