month,observed,simulated_raw,synthesised
1,0,0.043785357000000004,5.098623480384423
2,3,0.0011163423,0.12999343737054264
3,14,0.0758990848,8.838134079869862
4,56,0.43028560000000005,50.10497604099241
5,59,0.5388185,62.74318274407386
6,44,0.2111862,24.59175833722586
7,4,0.06603540999999999,7.68955000099262
8,0,0.05154219,6.001874557387648
9,0,0.05251313,6.1149364991241155
10,1,0.07034975,8.191937025640193
11,3,0.07322988,8.527316235739121
12,2,0.169468,19.733846728114774
