month,observed,simulated_raw,synthesised
1,135,0.996052,138.65485957703783
2,101,0.9444162,131.46692702115922
3,109,0.7631923,106.23975574244771
4,98,0.6821652,94.96042376737553
5,115,0.6401635999999999,89.11361461483035
6,99,0.5474724,76.2105881463055
7,78,0.5041563,70.18079475908783
8,79,0.5736499,79.8546123404017
9,87,0.6464126,89.9835031522731
10,98,0.6839305999999999,95.20617528345831
11,99,0.7144231999999999,99.45088055099332
12,121,0.9005449000000001,125.35984732957475
