month,observed,simulated_raw,synthesised
1,0,0.1243916,7.461671883595139
2,3,0.06940586,4.163333811276168
3,14,0.2901436,17.40436124565545
4,56,0.6316621,37.89046311409019
5,59,0.8268123,49.59661337196908
6,44,0.7267753,43.59586034508297
7,4,0.44815189999999994,26.882542163697064
8,0,0.2242121,13.449438085303361
9,0,0.1519508,9.114819747071252
10,1,0.1687363,10.121703599373868
11,3,0.1635151,9.80850816464494
12,2,0.07720721,4.631300409897658
