month,observed,simulated_raw,synthesised
1,135,0.943092,128.0585638253399
2,101,0.9108691999999999,123.68316302623316
3,109,0.7967832,108.191896731346
4,98,0.7031202,95.47378517534423
5,115,0.6485954,88.07008799536192
6,99,0.5544606,75.28791266783755
7,78,0.5043664999999999,68.48584192381368
8,79,0.5755045,78.14537685084841
9,87,0.6778881,92.04762262885104
10,98,0.7929552,107.67210843675396
11,99,0.8754764999999999,118.87733461087059
12,121,0.854175,115.98489198880884
