month,observed,simulated_raw,synthesised
1,0,0.042967464999999996,4.108905821177293
2,3,0.0117793673,1.1264409214915392
3,14,0.18202921,17.407144698745995
4,56,0.4378637,41.87216317770267
5,59,0.4087448,39.08757214548144
6,44,0.1870855,17.890669137866627
7,4,0.0832978,7.965627372042125
8,0,0.0707441,6.765138327428639
9,0,0.14022676,13.409647286588383
10,1,0.2780434,26.588818884240126
11,3,0.2936235,28.078717429209544
12,2,0.12605223999999998,12.054161973680253
