month,observed,simulated_raw,synthesised
1,135,0.8739808,107.68024347852827
2,101,1.0416935999999999,128.34357514264
3,109,1.047535,129.0632744475395
4,98,0.9329651999999999,114.94751359868982
5,115,0.7684273,94.67535071656962
6,99,0.6191101,76.27847923892148
7,78,0.5382123,66.3113325912179
8,79,0.5446171,67.10044652075878
9,87,0.6183,76.17866953458706
10,98,0.7389429,91.04267666833158
11,99,0.8817748999999999,108.64052840205976
12,121,1.0168345,125.28076879648565
