month,observed,simulated_raw,synthesised
1,0,0.035429488999999995,3.491175187903148
2,3,0.0031118478,0.3066373841262853
3,14,0.12710306999999998,12.524569131954372
4,56,0.41796240000000007,41.185464468777724
5,59,0.47283410000000003,46.59244952458999
6,44,0.2149801,21.183855940257498
7,4,0.08449586,8.326110769267324
8,0,0.09049532,8.91728965679848
9,0,0.1677027,16.525203205283752
10,1,0.2645227,26.065718500121417
11,3,0.2500962,24.64415018881202
12,2,0.11379745999999999,11.213451845111313
