month,observed,simulated_raw,synthesised
1,51,0.5005702000000001,40.01618667335605
2,62,0.44916989999999996,35.90718457961074
3,66,0.6420966,51.329978108819155
4,61,0.6315619,50.48782146076499
5,37,0.4221287,33.74547837522312
6,20,0.3291588,26.313352225078255
7,9,0.2969652,23.73975693856828
8,9,0.22600030000000002,18.066737079103927
9,7,0.2064835,16.506540503146038
10,8,0.3638493,29.086552714823863
11,12,0.5208003,41.63340531326042
12,36,0.4785127,38.25288346923492
