month,observed,simulated_raw,synthesised
1,51,0.5452003,60.091478380168795
2,62,0.5299743,58.413282587142916
3,66,0.6080840000000001,67.022462275473
4,61,0.4051077,44.65060014858742
5,37,0.2495742,27.50784004254569
6,20,0.21019800000000002,23.167831295314258
7,9,0.185547,20.450820623182302
8,9,0.12332557,13.592831521510522
9,7,0.057524200000000004,6.34026470755153
10,8,0.07936457,8.747490311920945
11,12,0.1716861,18.923084903521694
12,36,0.3462185,38.15988638957915
