month,observed,simulated_raw,synthesised
1,51,0.6909351,48.70147057586343
2,62,0.7887782,55.598070351589485
3,66,0.8498446,59.90241598806664
4,61,0.7868374,55.46127050730073
5,37,0.6130637999999999,43.212609428623644
6,20,0.4254705,29.98984859308479
7,9,0.2772681,19.543607227039935
8,9,0.18238769999999999,12.855837263079275
9,7,0.1626317,11.46330958182997
10,8,0.21869290000000002,15.414857103800696
11,12,0.3290131,23.19092170700781
12,36,0.4637042,32.68480129639425
