month,observed,simulated_raw,synthesised
1,51,0.5123493,41.6298647159777
2,62,0.4604375,37.411880596231875
3,66,0.6530465999999999,53.06192789026784
4,61,0.6261546,50.87687499385114
5,37,0.4141164,33.64815704572585
6,20,0.322168,26.17708320440197
7,9,0.2844714,23.11412526095923
8,9,0.21015860000000003,17.075995003602568
9,7,0.19915650000000001,16.18204250949033
10,8,0.3564345,28.961335587083177
11,12,0.5013055,40.73252397607562
12,36,0.46658419999999995,37.91131777600298
