month,observed,simulated_raw,synthesised
1,51,0.7825813,52.99741049998906
2,39,0.7250871,49.10382945126163
3,44,0.5277695,35.74122821600002
4,51,0.39346369999999997,26.64586698627292
5,39,0.37040639999999997,25.084397023827616
6,40,0.3665041,24.820128257126818
7,37,0.3392386,22.973673587193545
8,25,0.2676055,18.122588075583742
9,12,0.281299,19.049929478555676
10,28,0.4751758,32.179515319699945
11,24,0.6288307,42.58522244640329
12,29,0.5948525,40.28417511310933
