month,observed,simulated_raw,synthesised
1,51,0.7782874,53.543601951783444
2,39,0.7374988,50.73748102194376
3,44,0.5778166,39.75187319174495
4,51,0.4221951,29.045628106523896
5,39,0.3839607,26.41522769857014
6,40,0.3761904,25.880656728712548
7,37,0.3426966,23.576393939603225
8,25,0.2664277,18.329345583301457
9,12,0.2749067,18.912672771881372
10,28,0.45464459999999995,31.2780465056068
11,24,0.5811045,39.978069849762626
12,29,0.5515414,37.944226235102064
