month,observed,simulated_raw,synthesised
1,51,0.9015725,49.87469328499889
2,39,0.9713172999999999,53.73295261325434
3,44,0.9276693,51.31835965206306
4,51,0.7847014,43.4094225869902
5,39,0.6133362,33.92955625375301
6,40,0.4736804,26.203843468068946
7,37,0.3676393,20.33768479740863
8,25,0.280022,15.49072466501802
9,12,0.24206909999999998,13.391182757100204
10,28,0.3066977,16.966415589111918
11,24,0.47595109999999996,26.329457842999684
12,29,0.6882153,38.07184336428129
