month,observed,simulated_raw,synthesised
1,51,0.8643995,53.80116360282214
2,39,0.8544894,53.184348216625914
3,44,0.6526883,40.62402860014132
4,51,0.4709099,29.30994357596067
5,39,0.4234907,26.358521071534252
6,40,0.4169336,25.950400046637704
7,37,0.394829,24.574585737426577
8,25,0.3146331,19.583105830074057
9,12,0.2819752,17.550442668162688
10,28,0.43404049999999994,27.015152080433552
11,24,0.6069528,37.77740141218382
12,29,0.6251964,38.912902888416106
