month,observed,simulated_raw,synthesised
1,70,0.6583524,61.17063467773211
2,69,0.7042835999999999,65.43831966757926
3,86,0.8543438999999999,79.38113174046133
4,91,0.9279543,86.22062209073839
5,73,0.8122513,75.4701092284512
6,48,0.5450329,50.64158407145611
7,15,0.2782241,25.85111678736313
8,9,0.1505825,13.991332144243108
9,12,0.18180380000000002,16.89225076543121
10,23,0.28579330000000003,26.554406952330545
11,21,0.3696892,34.34957174531914
12,28,0.4144225,38.5059541815788
