month,observed,simulated_raw,synthesised
1,70,0.49818550000000006,56.134322461260666
2,69,0.3851662,43.39958443587462
3,86,0.5612355,63.23864209959314
4,91,0.7136705,80.4146447018011
5,73,0.5473191,61.67057621831018
6,48,0.35386660000000003,39.8728221368746
7,15,0.2479961,27.943593393495085
8,9,0.1755,19.774910333502774
9,12,0.2504355,28.218459013253185
10,23,0.43309030000000004,48.79955469407303
11,21,0.5044902,56.84472062182839
12,28,0.4145174,46.706805793029645
