month,observed,simulated_raw,synthesised
1,70,0.6056045,69.47959735112897
2,69,0.5018162,57.572206811993
3,86,0.6904465,79.21332290710566
4,91,0.7517946,86.25164789685854
5,73,0.5592433,64.16068458097097
6,48,0.433467,49.73066188412045
7,15,0.2404289,27.583849135161405
8,9,0.167964,19.27011950783891
9,12,0.218059,25.01740247767286
10,23,0.2628336,30.15428831580296
11,21,0.292356,33.54132468168031
12,28,0.3702871,42.48217873598566
