month,observed,simulated_raw,synthesised
1,70,0.5362572,68.2555012698985
2,69,0.4543063,57.824686058430345
3,86,0.6463165,82.26398953059531
4,91,0.6874854,87.50401969938433
5,73,0.4733496,60.24854160262268
6,48,0.29018299999999997,36.93486283261643
7,15,0.1925218,24.50442057352917
8,9,0.1499201,19.082021790911732
9,12,0.188677,24.015049519336323
10,23,0.24731810000000004,31.47896361786637
11,21,0.2823614,35.93931959565358
12,28,0.38596369999999997,49.12595265011775
