month,observed,simulated_raw,synthesised
1,70,0.47780959999999995,52.63133231514557
2,69,0.3786738,41.7113984458223
3,86,0.6075578,66.92326079772938
4,91,0.7772426,85.61425632739017
5,73,0.5644367,62.17341704428737
6,48,0.3431366,37.79693087809282
7,15,0.218571,24.07587234633562
8,9,0.16026400000000002,17.65328248355515
9,12,0.2497846,27.514089900675312
10,23,0.41356539999999997,45.55475235626514
11,21,0.5028381000000001,55.38825327456043
12,28,0.45626069999999996,50.25769370067269
