month,observed,simulated_raw,synthesised
1,98,0.5852149,93.35136503863515
2,87,0.4771491,76.11309932805237
3,108,0.5017916,80.04398183457188
4,123,0.6575629000000001,104.89205642878122
5,133,0.8201473,130.8269321026362
6,126,0.7047245,112.41510435084555
7,89,0.5249303000000001,83.7349836019901
8,67,0.4496592,71.72800986813674
9,57,0.3995085,63.72815152098413
10,49,0.4310173,68.75432137880789
11,51,0.5307087,84.65673307853153
12,55,0.5396984,86.09073752081045
