month,observed,simulated_raw,synthesised
1,98,0.5870058,92.67705890359325
2,87,0.5000351000000001,78.94603838082033
3,108,0.5161030999999999,81.48287018463373
4,123,0.6342619,100.13789892127977
5,133,0.7719512,121.87642240178799
6,126,0.6797643,107.32186304063747
7,89,0.532574,84.0833122407347
8,67,0.45793619999999996,72.29942222289397
9,57,0.4023173,63.518255032632716
10,49,0.45910890000000004,72.48456926399007
11,51,0.5760766,90.95154594925933
12,55,0.5735701,90.55581723901172
