month,observed,simulated_raw,synthesised
1,98,0.5683857,89.10356542618516
2,87,0.5132574,80.46132110884156
3,108,0.5716197000000001,89.61054674290071
4,123,0.7036283,110.30500989867521
5,133,0.721915,113.17174312204627
6,126,0.5980622,93.75583229245252
7,89,0.5141172,80.59610853497392
8,67,0.4583665,71.85629304523583
9,57,0.3883791,60.88464672318974
10,49,0.45112060000000004,70.7203821229139
11,51,0.5985713,93.83564187449949
12,55,0.6231572,97.68987562670621
