month,observed,simulated_raw,synthesised
1,98,0.5488747,108.33458350436133
2,87,0.4283445,84.54483874713829
3,108,0.48969579999999996,96.65410072068364
4,123,0.6315048,124.6437656700245
5,133,0.6312735,124.59811264727713
6,126,0.47801489999999996,94.34857372799097
7,89,0.41222440000000005,81.36312109910558
8,67,0.3834288,75.67956648680848
9,57,0.3109606,61.376097472276086
10,49,0.2419516,47.7553908282051
11,51,0.2825662,55.771730031298695
12,55,0.46994489999999994,92.75575101475569
