month,observed,simulated_raw,synthesised
1,9,0.8183372,8.917348348877347
2,8,0.5374372000000001,5.856405804410779
3,6,0.3709598,4.042316248155248
4,7,0.2835336,3.089640651569121
5,2,0.22757329999999998,2.4798461942137897
6,2,0.1740556,1.8966685337937172
7,2,0.1533643,1.6711972612044645
8,0,0.2407085,2.6229793110171977
9,2,0.45256500000000005,4.931560920742301
10,10,0.6840854000000001,7.454418315800748
11,8,0.7946033,8.658722132230443
12,5,0.7405896000000001,8.070139603522527
