month,observed,simulated_raw,synthesised
1,9,0.4742656,8.047753639109912
2,8,0.1383696,2.347976433336474
3,6,0.07028766,1.1927025100482096
4,7,0.05649205,0.9586065296919681
5,2,0.05302172000000001,0.8997189340358374
6,2,0.04243466,0.720068437262563
7,2,0.013966662999999999,0.2369985573157145
8,0,0.039041214000000005,0.6624854765847846
9,2,0.3632701,6.164284884366104
10,10,0.6606594,11.210646714756816
11,8,0.47653650000000003,8.086288257136298
12,5,0.19520679999999999,3.3124397702026047
