month,observed,simulated_raw,synthesised
1,9,0.6414052,14.305575884704833
2,8,0.2087958,4.656875499774017
3,6,0.09263267,2.0660320341771796
4,7,0.061407199999999995,1.3695950071300427
5,2,0.05128648,1.1438676074023046
6,2,0.03236289,0.721805465162046
7,2,0.009606834,0.21426594732746548
8,0,0.003581505,0.07988006888461426
9,2,0.09146175000000001,2.0399164290730765
10,10,0.2502214,5.580811046865665
11,8,0.2304217,5.139208592061136
12,5,0.1937835,4.322048783598416
