month,observed,simulated_raw,synthesised
1,9,0.555667,8.693192557911981
2,8,0.1781674,2.787359184084221
3,6,0.08522186000000001,1.3332626179409912
4,7,0.06230493,0.9747362247483239
5,2,0.05364703,0.8392867705839662
6,2,0.03185969,0.49843237047617145
7,2,0.008646626000000001,0.13527307685043063
8,0,0.035134048,0.5496584188064476
9,2,0.2999345,4.692357766901851
10,10,0.6646151,10.397642906985526
11,8,0.6137508,9.60189085724458
12,5,0.3036567,4.7505901279005425
