month,observed,simulated_raw,synthesised
1,158,0.8556861,118.0702874918272
2,133,1.0920640000000001,150.68646135478278
3,131,1.139901,157.2871626431951
4,114,1.062198,146.5654557591199
5,109,0.9179183999999999,126.65729802323308
6,113,0.7632586,105.31684730254416
7,118,0.6428733,88.70570101795468
8,102,0.597724,82.47585711718926
9,108,0.6419921,88.58411024145639
10,112,0.7533884,103.95492573854793
11,134,0.8887972,122.63906229858242
12,141,1.0152906,140.0930236330235
