month,observed,simulated_raw,synthesised
1,158,0.9808595,150.35782799732058
2,133,1.0401112,159.44063436984266
3,131,0.8628923000000001,132.27441037540277
4,114,0.7426508,113.84236095839672
5,109,0.721754,110.63905053514608
6,113,0.7009398,107.44840202381309
7,118,0.6315312000000001,96.80862503196582
8,102,0.5691617,87.247885136722
9,108,0.6478923,99.31664933070273
10,112,0.8381677999999999,128.48434450121815
11,134,0.9052108999999999,138.7615094756178
12,141,0.8507972,130.4203293725574
