month,observed,simulated_raw,synthesised
1,158,0.9549972999999999,153.17961104776566
2,133,0.9488277999999999,152.1900358831456
3,131,0.8187153,131.32025735869075
4,114,0.714429,114.59294842115698
5,109,0.6882652,110.396328485654
6,113,0.6580928,105.55673731992232
7,118,0.5648174,90.59555419162996
8,102,0.5146946,82.55595972510638
9,108,0.6235915000000001,100.02279945994903
10,112,0.8041323,128.98117402525142
11,134,0.8949705,143.55143526502573
12,141,0.8639404,138.5742707758976
