month,observed,simulated_raw,synthesised
1,158,0.9591936999999999,157.2256511141312
2,133,0.9440561000000001,154.74438063007233
3,131,0.827464,135.63325757196225
4,114,0.7410091,121.46205529602246
5,109,0.7182494,117.7314129328978
6,113,0.68279,111.91910697934908
7,118,0.6044913000000001,99.08482325866783
8,102,0.5587657,91.58973938500985
9,108,0.6034229,98.90969712340406
10,112,0.6794124,111.36546973256245
11,134,0.7354997,120.55898535066294
12,141,0.8484957,139.08065586756936
