month,observed,simulated_raw,synthesised
1,18,0.9034095000000001,15.019499151298508
2,14,0.8447536,14.044324282904219
3,10,0.6018407,10.005812295384208
4,8,0.4010538,6.667659802918878
5,5,0.30280490000000004,5.034237451077313
6,8,0.3326751,5.530839981324245
7,6,0.41191000000000005,6.848147927834907
8,7,0.4458194,7.411903571893377
9,6,0.4952498,8.233701273653592
10,10,0.6302792,10.478612312003696
11,11,0.6992867,11.625886153692576
12,9,0.6837259,11.36718240705993
