month,observed,simulated_raw,synthesised
1,18,0.8933431000000001,14.673122385620081
2,14,0.9154511,15.036245344426488
3,10,0.7854098,12.900322528114216
4,8,0.5301073,8.706989834488697
5,5,0.3205127,5.264407452462031
6,8,0.2593318,4.259513774588005
7,6,0.3002993,4.932403217997699
8,7,0.3737072,6.138124850337346
9,6,0.4505999,7.401084174320225
10,10,0.5226943000000001,8.585231625078896
11,11,0.5962364,9.793157486705308
12,9,0.6984362,11.471784850800798
