month,observed,simulated_raw,synthesised
1,18,0.8224119,15.47932812709066
2,14,0.7816451,14.712020803483744
3,10,0.5429913,10.2201105101416
4,8,0.28482090000000004,5.360861350076862
5,5,0.2240686,4.217389585897075
6,8,0.2914441,5.48552234543861
7,6,0.3455898,6.504645557263503
8,7,0.36804960000000003,6.927380945538929
9,6,0.4357063,8.200806414329124
10,10,0.576715,10.854853536062757
11,11,0.6218410000000001,11.704209146144633
12,9,0.5727277,10.779805102253434
