month,observed,simulated_raw,synthesised
1,18,0.8080463,14.81221106340672
2,14,0.7848254,14.386551207180336
3,10,0.5626952000000001,10.314706059251627
4,8,0.3159841,5.792271039271654
5,5,0.2538953,4.654127828574882
6,8,0.31758640000000005,5.821642630710038
7,6,0.376101,6.8942675601117545
8,7,0.40517630000000004,7.427243802106638
9,6,0.4788878,8.778441494367964
10,10,0.6050525,11.091153235206813
11,11,0.6252500999999999,11.461393299636613
12,9,0.5664722,10.383941845847625
