month,observed,simulated_raw,synthesised
1,138,0.8375901000000001,123.0880672103767
2,107,0.7794611,114.54571903927011
3,110,0.6168381000000001,90.64745334349232
4,103,0.46082980000000007,67.72125099728908
5,96,0.38892540000000003,57.154538687864914
6,55,0.3013521,44.2852029158274
7,31,0.2676734,39.3359489917921
8,35,0.33229359999999997,48.832211567899414
9,58,0.4307461,63.30030035862129
10,59,0.5523559,81.1714705597023
11,50,0.6394149,93.96522736660366
12,85,0.6187786,90.93261955357733
