month,observed,simulated_raw,synthesised
1,138,0.8323542999999999,128.8956292141108
2,107,0.7709284999999999,119.38343333673008
3,110,0.5942382,92.0217588736679
4,103,0.43470060000000005,67.31629470377159
5,96,0.3663894,56.737848594499404
6,55,0.2850881,44.147798636896994
7,31,0.2430926,37.64451464273586
8,35,0.2964213,45.902820440724234
9,58,0.391856,60.68152189677474
10,59,0.5053996,78.26450760999242
11,50,0.5820164,90.12913141787291
12,85,0.5791722,89.68868802902904
