month,observed,simulated_raw,synthesised
1,138,0.9720212,120.7609763823949
2,107,0.9962101999999999,123.76614464180501
3,110,0.9381081,116.54771532579058
4,103,0.7807687,97.00034375877107
5,96,0.5573140000000001,69.23900712410186
6,55,0.3386203,42.0691627414088
7,31,0.2037699,25.31575657130006
8,35,0.1927376,23.945136959563715
9,58,0.2846791,35.36767106690825
10,59,0.4449781,55.28273439384136
11,50,0.6298732,78.25354285390432
12,85,0.7997107,99.35364059492579
