month,observed,simulated_raw,synthesised
1,138,0.8248108000000001,136.40092569136982
2,107,0.7712393,127.54167919426378
3,110,0.6074747,100.45953740432009
4,103,0.4496903,74.3663555259337
5,96,0.3829245,63.32513622506512
6,55,0.3066166,50.705917129528935
7,31,0.2486833,41.125349381924465
8,35,0.2851646,47.1583488169762
9,58,0.3545281,58.629155951404286
10,59,0.4008405,66.28794779916984
11,50,0.423036,69.95847047683459
12,85,0.5187041,85.77933193880203
