month,observed,simulated_raw,synthesised
1,1,0.2084506,2.7273934558860895
2,1,0.24107810000000002,3.154295705061306
3,6,0.5219538,6.829308135332193
4,9,0.7208768,9.432041293333313
5,9,0.5204088,6.8090931640663666
6,7,0.311285,4.072891476040372
7,2,0.2605683,3.4093078946827844
8,1,0.2561983,3.3521302736914214
9,1,0.25609960000000004,3.3508388706726926
10,4,0.2643681,3.4590249482852973
11,7,0.27433019999999997,3.58937029795991
12,5,0.3685311,4.821906535315811
