month,observed,simulated_raw,synthesised
1,1,0.2144369,2.364121754967726
2,1,0.2645506,2.916614765228209
3,6,0.4383024,4.832191843356092
4,9,0.6932014000000001,7.642399747030873
5,9,0.6008922,6.624710217366589
6,7,0.40132199999999996,4.424490705411044
7,2,0.3588227,3.95594485485594
8,1,0.3611423,3.981517957352867
9,1,0.40029180000000003,4.413132966924955
10,4,0.4975078,5.484918935342435
11,7,0.5360195,5.909502333958954
12,5,0.41293389999999996,4.552509462474356
