month,observed,simulated_raw,synthesised
1,1,0.19927920000000002,2.2266059137995358
2,1,0.26032120000000003,2.9086463785853804
3,6,0.42050299999999996,4.6984053858628805
4,9,0.6363749000000001,7.110406483634962
5,9,0.57281,6.40017690498312
6,7,0.41667360000000003,4.655618357982882
7,2,0.3710884,4.146281327817492
8,1,0.36671529999999997,4.097419377741233
9,1,0.383888,4.2892950746323555
10,4,0.4711292,5.264067011929214
11,7,0.5551489000000001,6.20284416928263
12,5,0.4715092,5.268312865220696
