month,observed,simulated_raw,synthesised
1,1,0.18504130000000002,1.8127561873282563
2,1,0.3294548,3.227502331344371
3,6,0.5979441000000001,5.857756441137333
4,9,0.8388272999999999,8.217567527761938
5,9,0.8525620999999999,8.352120428556063
6,7,0.6417686,6.287082940311123
7,2,0.4301233,4.213700797546535
8,1,0.3429983,3.360181162627334
9,1,0.3593464,3.520335244046245
10,4,0.4091283,4.008023383083079
11,7,0.4122483,4.038588447771147
12,5,0.3302385,3.235179844548229
