month,observed,simulated_raw,synthesised
1,0,0.031487228,2.2961115589794034
2,10,0.0145931527,1.0641618435392755
3,27,0.22447083,16.36886128612848
4,34,0.3955714,28.845856610231465
5,27,0.2783576,20.298392189041387
6,28,0.12455611,9.082880332067024
7,8,0.06832485,4.9823845354228675
8,1,0.06624122,4.830442073938603
9,0,0.14544173,10.605901459822423
10,5,0.2623566,19.131567308323735
11,2,0.2209711,16.113653984097734
12,1,0.07014852,5.115370194457825
