month,observed,simulated_raw,synthesised
1,0,0.036291709,2.545027649962887
2,10,0.009088425,0.637343722766375
3,27,0.1892489,13.271452254427077
4,34,0.41817590000000004,29.32540950463687
5,27,0.3151622,22.101370680094824
6,28,0.12400506,8.69609933319224
7,8,0.07036534,4.934508206792894
8,1,0.11130795,7.805689459559112
9,0,0.2142115,15.022003798168473
10,5,0.2525786,17.71257233405338
11,2,0.1566167,10.98305488854059
12,1,0.04661304,3.2688313368991815
