month,observed,simulated_raw,synthesised
1,0,0.04142916,2.782275939479992
2,10,0.005966745,0.400711263528214
3,27,0.14793369,9.934846526588807
4,34,0.4093248,27.489201868260416
5,27,0.3626589,24.35523992541197
6,28,0.15280198,10.26178837463523
7,8,0.07251037,4.869610144492233
8,1,0.10789830999999998,7.246173270796544
9,0,0.21971920000000003,14.755776935901967
10,5,0.2647723,17.78142737460229
11,2,0.1684869,11.315147301745231
12,1,0.05657677,3.7995505075288376
