month,observed,simulated_raw,synthesised
1,0,0.0301458,2.320141689885243
2,10,0.0172790508,1.3298650598997197
3,27,0.23754391999999996,18.28233292766372
4,34,0.5124746,39.4421008720042
5,27,0.361388,27.813870092160375
6,28,0.11214651,8.63124525559555
7,8,0.04551313,3.502873048655758
8,1,0.04015934,3.090823894946429
9,0,0.04140599,3.1867710795524244
10,5,0.05244043,4.036025843683326
11,2,0.04645418,3.575300031428367
12,1,0.13183874,10.146838266555912
