month,observed,simulated_raw,synthesised
1,36,0.43014260000000004,30.409574257758088
2,50,0.6386995,45.153816138282885
3,63,0.7859054000000001,55.560757341572476
4,51,0.7912684,55.9399026453493
5,45,0.6353104,44.91421864638841
6,39,0.4150646,29.34361250307841
7,12,0.2309266,16.32570126928046
8,3,0.1320016,9.3320504812657
9,2,0.1345129,9.509590589670465
10,4,0.21893579999999999,15.4779937345933
11,17,0.3284515,23.220369894360683
12,20,0.4207206,29.743471879949894
