month,observed,simulated_raw,synthesised
1,36,0.22776659999999999,31.21386983470249
2,50,0.21411750000000002,29.343353126981352
3,63,0.4344569,59.5393755071567
4,51,0.47029,64.45005915951783
5,45,0.2607145,35.72915636893005
6,39,0.10120892,13.869996983714106
7,12,0.029622310000000002,4.059536949417544
8,3,0.0015494255,0.21233827029761532
9,2,0.00834527484,1.1436633930988023
10,4,0.11789558,16.156790715613063
11,17,0.2287512,31.34880259586786
12,20,0.1910997,26.188919539786326
