month,observed,simulated_raw,synthesised
1,36,0.2458399,32.99514156674356
2,50,0.22645710000000002,30.393699612203733
3,63,0.4607083,61.83347609348102
4,51,0.4762587,63.92055654469942
5,45,0.2172287,29.15511968911339
6,39,0.07527038999999999,10.102335600665306
7,12,0.015956354,2.1415651369817303
8,3,0.0005074818100000001,0.06811113315412698
9,2,0.00912648478,1.224901479877068
10,4,0.1131616,15.18786418282471
11,17,0.2248847,30.182661613085003
12,20,0.1922309,25.800066461963763
