month,observed,simulated_raw,synthesised
1,36,0.24465469999999997,36.63620001383413
2,50,0.20358890000000002,30.4867376796623
3,63,0.45365400000000006,67.93312648837693
4,51,0.4353936,65.19869438168689
5,45,0.2023322,30.29855117616416
6,39,0.07334708,10.983473006284747
7,12,0.02703353,4.048178155416534
8,3,0.0016728747000000002,0.25050723369419337
9,2,5.0445507e-05,0.007554041202769739
10,4,0.008923454811,1.3362566722413527
11,17,0.05430102,8.131391016298512
12,20,0.1770057,26.50599489316461
