month,observed,simulated_raw,synthesised
1,183,0.8976302,153.33637027396708
2,152,1.108231,189.3119449023538
3,169,1.115108,190.486698401483
4,148,0.9992485999999999,170.69518530609065
5,146,0.8705193,148.70519030602426
6,139,0.7859381,134.2567301256332
7,154,0.7289154,124.5159105306359
8,138,0.6713572,114.6836149288357
9,133,0.6426843,109.78560858810826
10,128,0.696272,118.93964931593835
11,150,0.8388787000000001,143.3002309393603
12,169,1.0124807,172.95553949771897
