month,observed,simulated_raw,synthesised
1,183,0.96426,175.41213767250133
2,152,1.0031902000000001,182.49407574109074
3,169,0.9427479,171.4987912235927
4,148,0.8245988000000001,150.00584720944497
5,146,0.7617129,138.56603829021242
6,139,0.7462612,135.7551618381412
7,154,0.7381513,134.27985964235353
8,138,0.6952252,126.4710124818952
9,133,0.6291242,114.44633271472658
10,128,0.7136319,129.81944401954732
11,150,0.9020868,164.10197867187912
12,169,0.9350333000000001,170.09539952707075
