month,observed,simulated_raw,synthesised
1,183,0.9410168000000001,180.92667492529148
2,152,0.9812975999999999,188.6713519675405
3,169,0.8776902,168.75104620928556
4,148,0.7547515,145.11396532971156
5,146,0.7182404,138.0940779899055
6,139,0.7129579,137.0784264518109
7,154,0.6961591,133.8485680404255
8,138,0.6357451000000001,122.23293680096563
9,133,0.5990885,115.1850745820696
10,128,0.7067712,135.888926902217
11,150,0.8414299,161.77937948580777
12,169,0.8460886999999999,162.67511396487546
