month,observed,simulated_raw,synthesised
1,21,0.3074385,20.107119167439045
2,31,0.41845410000000005,27.367770968188616
3,52,0.6262073,40.95526358806803
4,58,0.8088995000000001,52.90371453471787
5,55,0.7831269,51.21813273720473
6,47,0.528178,34.543942894659
7,11,0.2592515,16.955588857079785
8,1,0.1329831,8.697372121433922
9,3,0.1668813,10.914385107646392
10,1,0.2912559,19.048743373128968
11,12,0.3963443,25.92174393068926
12,7,0.4010241,26.227812612002047
