month,observed,simulated_raw,synthesised
1,21,0.17071718,21.695350784186015
2,31,0.11922215,15.151177904267414
3,52,0.2906516,36.937046511575
4,58,0.4576449,58.15915328553185
5,55,0.3385074,43.01873300650099
6,47,0.10679193000000001,13.571501018645215
7,11,0.007994342,1.0159496190058388
8,1,0.0012538478,0.159343470006826
9,3,0.09318844,11.842720778489145
10,1,0.249685,31.730864231411775
11,12,0.23474430000000002,29.832146554249537
12,7,0.12454756,15.827950083960237
